{"name":"6bc9edff-6e35-49dd-bf42-a2d32a973ec8","id":"/providers/Microsoft.Flow/flows/6bc9edff-6e35-49dd-bf42-a2d32a973ec8","type":"Microsoft.Flow/flows","properties":{"apiId":"/providers/Microsoft.PowerApps/apis/shared_logicflows","displayName":"TestResultsToTeams","definition":{"metadata":{"workflowEntityId":null,"creator":{"id":"1f0076ee-c7b2-4a1e-a7e6-493c7fd2e1fe","type":"User","tenantId":"89e5ed06-68c7-424f-90ad-1b53d2ac622e"},"provisioningMethod":"FromDefinition","failureAlertSubscription":true,"clientLastModifiedTime":"2020-03-21T21:11:07.9388033Z"},"$schema":"https://schema.management.azure.com/providers/Microsoft.Logic/schemas/2016-06-01/workflowdefinition.json#","contentVersion":"1.0.0.0","parameters":{"$connections":{"defaultValue":{},"type":"Object"},"$authentication":{"defaultValue":{},"type":"SecureObject"}},"triggers":{"manual":{"type":"Request","kind":"PowerApp","inputs":{"schema":{"type":"object","properties":{"ParseJSON_Content":{"type":"any","isPartial":false}},"required":["ParseJSON_Content"]}}}},"actions":{"Parse_JSON":{"runAfter":{},"type":"ParseJson","inputs":{"content":"@triggerBody()['ParseJSON_Content']","schema":{"type":"object","properties":{"EndTime":{"type":"string"},"StartTime":{"type":"string"},"Success":{"type":"boolean"},"TestCaseDescription":{"type":"string"},"TestCaseId":{"type":"string"},"TestCaseName":{"type":"string"},"TestSuiteDescription":{"type":"string"},"TestSuiteId":{"type":"string"},"TestSuiteName":{"type":"string"},"Traces":{"type":"array","items":{"type":"object","properties":{"Message":{"type":"string"},"Timestamp":{"type":"string"}},"required":["Message","Timestamp"]}}}}}},"Post_your_own_adaptive_card_as_the_Flow_bot_to_a_channel":{"runAfter":{"Compose":["Succeeded"]},"metadata":{"flowSystemMetadata":{"swaggerOperationId":"PostChannelAdaptiveCard"}},"type":"ApiConnection","inputs":{"host":{"connection":{"name":"@json(decodeBase64(triggerOutputs().headers['X-MS-APIM-Tokens']))['$connections']['shared_teams']['connectionId']"},"api":{"runtimeUrl":"https://unitedstates-002.azure-apim.net/apim/teams"}},"method":"post","body":{"recipient":{"channelId":"19:47617867ba1f45f4b9deab7340a81447@thread.skype"},"messageBody":"@{outputs('Compose')}"},"path":"/flowbot/actions/adaptivecard/recipienttypes/channel","queries":{"groupId":"c0364f5e-2fce-4dd2-8a33-8781ea3762d9"},"authentication":{"type":"Raw","value":"@json(decodeBase64(triggerOutputs().headers['X-MS-APIM-Tokens']))['$ConnectionKey']"}}},"Compose":{"runAfter":{"Apply_to_each":["Succeeded"]},"type":"Compose","inputs":{"type":"AdaptiveCard","body":[{"type":"ColumnSet","columns":[{"type":"Column","width":"auto","items":[{"type":"Image","altText":"","url":"https://www.adepteq.com/wp-content/uploads/2019/02/powerapps-300x214.png","size":"Medium"}]},{"type":"Column","width":"stretch","items":[{"type":"TextBlock","size":"Medium","weight":"Bolder","text":"@concat(if(body('Parse_JSON')?['Success'], 'Passed','Failed'), ': ', body('Parse_JSON')?['TestCaseName'])","color":"@if(body('Parse_JSON')?['Success'], 'good','attention')"},{"type":"TextBlock","text":"@body('Parse_JSON')?['TestCaseDescription']","weight":"Bolder"},{"type":"Container","items":"@variables('TraceMessages')"}]}]}],"$schema":"http://adaptivecards.io/schemas/adaptive-card.json","version":"1.0"}},"Initialize_variable":{"runAfter":{"Parse_JSON":["Succeeded"]},"type":"InitializeVariable","inputs":{"variables":[{"name":"TraceMessages","type":"array"}]}},"Apply_to_each":{"foreach":"@body('Parse_JSON')?['Traces']","actions":{"Append_to_array_variable_2":{"runAfter":{},"type":"AppendToArrayVariable","inputs":{"name":"TraceMessages","value":{"type":"TextBlock","text":"@{items('Apply_to_each')?['Message']}","weight":"Lighter"}}}},"runAfter":{"Initialize_variable":["Succeeded"]},"type":"Foreach"}}},"connectionReferences":{"shared_teams":{"connectionName":"shared-teams-49663364-fa46-4527-8ba4-92a1658f9e11","source":"Invoker","id":"/providers/Microsoft.PowerApps/apis/shared_teams","tier":"NotSpecified"}},"flowFailureAlertSubscribed":false}}